<scene version="2.1.0">

<!-- Defaults, these can be set via the command line: -Darg=value -->

	<default name="spp" value="4096"/>
	<default name="resx" value="1024"/>
	<default name="resy" value="1024"/>

<!-- Camera and Rendering Parameters -->

	<integrator type="path">
		<integer name="max_depth" value="12"/>
	</integrator>
	<sensor type="perspective">
		<string name="fov_axis" value="x"/>
		<float name="fov" value="45.000001"/>
		<float name="principal_point_offset_x" value="0.000000"/>
		<float name="principal_point_offset_y" value="-0.000000"/>
		<float name="near_clip" value="0.100000"/>
		<float name="far_clip" value="1000.000000"/>
		<transform name="to_world">
			<rotate x="1" angle="-359.999982697156"/>
			<rotate y="1" angle="-90.00000250447816"/>
			<translate value="3.375767 0.000000 0.000000"/>
		</transform>
		<sampler type="independent">
			<integer name="sample_count" value="$spp"/>
		</sampler>
		<film type="hdrfilm">
			<integer name="width" value="$resx"/>
			<integer name="height" value="$resy"/>
		</film>
	</sensor>
	<sensor type="perspective">
		<string name="fov_axis" value="x"/>
		<float name="fov" value="45.000001"/>
		<float name="principal_point_offset_x" value="0.000000"/>
		<float name="principal_point_offset_y" value="-0.000000"/>
		<float name="near_clip" value="0.100000"/>
		<float name="far_clip" value="1000.000000"/>
		<transform name="to_world">
			<rotate x="1" angle="-179.999991348578"/>
			<rotate y="1" angle="-54.004642616227926"/>
			<rotate z="1" angle="-180.00000500895632"/>
			<translate value="0.852063 -0.297667 0.846746"/>
		</transform>
		<sampler type="independent">
			<integer name="sample_count" value="$spp"/>
		</sampler>
		<film type="hdrfilm">
			<integer name="width" value="$resx"/>
			<integer name="height" value="$resy"/>
		</film>
	</sensor>

<!-- Materials -->

	<bsdf type="twosided" id="mat-White">
		<bsdf type="diffuse">
			<rgb value="1.000000 1.000000 1.000000" name="reflectance"/>
		</bsdf>
	</bsdf>
	<bsdf type="twosided" id="mat-Red">
		<bsdf type="diffuse">
			<rgb value="1.000000 0.000000 0.000000" name="reflectance"/>
		</bsdf>
	</bsdf>
	<bsdf type="twosided" id="mat-Green">
		<bsdf type="diffuse">
			<rgb value="0.000000 1.000000 0.000000" name="reflectance"/>
		</bsdf>
	</bsdf>
	<bsdf type="principled" id="mat-Glass">
		<rgb value="0.800000 0.800000 0.800000" name="base_color"/>
		<float name="spec_tint" value="0.000000"/>
		<float name="spec_trans" value="1.000000"/>
		<float name="metallic" value="0.000000"/>
		<float name="anisotropic" value="0.000000"/>
		<float name="roughness" value="0.000000"/>
		<float name="sheen" value="0.000000"/>
		<float name="sheen_tint" value="0.500000"/>
		<float name="clearcoat" value="0.000000"/>
		<float name="clearcoat_gloss" value="0.173205"/>
		<float name="eta" value="1.450000"/>
	</bsdf>
	<bsdf type="twosided" id="mat-Metall">
		<bsdf type="principled">
			<rgb value="0.800000 0.800000 0.800000" name="base_color"/>
			<float name="spec_tint" value="0.000000"/>
			<float name="spec_trans" value="0.000000"/>
			<float name="metallic" value="0.000000"/>
			<float name="anisotropic" value="0.000000"/>
			<float name="roughness" value="0.000000"/>
			<float name="sheen" value="0.000000"/>
			<float name="sheen_tint" value="0.500000"/>
			<float name="clearcoat" value="0.000000"/>
			<float name="clearcoat_gloss" value="0.173205"/>
			<float name="specular" value="1.000000"/>
		</bsdf>
	</bsdf>

<!-- Emitters -->

	<shape type="rectangle">
		<boolean name="flip_normals" value="true"/>
		<transform name="to_world">
			<matrix value="0.500798 0.000000 0.000000 0.000000 0.000000 0.000000 0.500798 1.000000 0.000000 -0.500798 0.000000 0.000000 0.000000 0.000000 0.000000 1.000000"/>
		</transform>
		<emitter type="area">
			<rgb value="2.492043 2.492043 2.492043" name="radiance"/>
		</emitter>
		<bsdf type="null"/>
	</shape>

<!-- Shapes -->

	<shape type="ply">
		<string name="filename" value="meshes/Plane.ply"/>
		<boolean name="face_normals" value="true"/>
		<ref id="mat-White" name="bsdf"/>
	</shape>
	<shape type="ply">
		<string name="filename" value="meshes/Plane_001.ply"/>
		<boolean name="face_normals" value="true"/>
		<ref id="mat-White" name="bsdf"/>
	</shape>
	<shape type="ply">
		<string name="filename" value="meshes/Plane_002.ply"/>
		<boolean name="face_normals" value="true"/>
		<ref id="mat-White" name="bsdf"/>
	</shape>
	<shape type="ply">
		<string name="filename" value="meshes/Plane_003.ply"/>
		<boolean name="face_normals" value="true"/>
		<ref id="mat-Red" name="bsdf"/>
	</shape>
	<shape type="ply">
		<string name="filename" value="meshes/Plane_004.ply"/>
		<boolean name="face_normals" value="true"/>
		<ref id="mat-Green" name="bsdf"/>
	</shape>
	<shape type="ply">
		<string name="filename" value="meshes/Suzanne.ply"/>
		<ref id="mat-Glass" name="bsdf"/>
	</shape>
	<shape type="ply">
		<string name="filename" value="meshes/Sphere.ply"/>
		<ref id="mat-Metall" name="bsdf"/>
	</shape>
</scene>
